tok,count
ĠstrutConnector,0
ē,0
Ĕ,0
ĕ,0
Ė,0
ė,0
Ę,0
ę,0
Ě,0
ě,0
Ĝ,0
ĝ,0
Ğ,0
ğ,0
ĊĊ,0
wcsstore,0
ĠDragonbound,0
Ġdavidjl,0
"""]=>",0
ForgeModLoader,0
ItemImage,0
Ġè£ıè¦ļéĨĴ,0
PsyNetMessage,0
Ġ<[,0
ĠguiName,0
ĠunfocusedRange,0
ĠguiActiveUnfocused,0
ĠguiIcon,0
ĠexternalToEVAOnly,0
rawdownloadcloneembedreportprint,0
Ē,0
SpaceEngineers,0
đ,0
ď,0
À,0
Á,0
ñ,0
ò,0
õ,0
ö,0
÷,0
ø,0
ù,0
ú,0
û,0
ü,0
ý,0
þ,0
ÿ,0
Ā,0
ā,0
Ă,0
ă,0
Ą,0
ą,0
Ć,0
ć,0
Ĉ,0
ĉ,0
ċ,0
Č,0
č,0
Ď,0
Đ,0
actionDate,0
EngineDebug,0
?????-?????-,0
soDeliveryDate,0
é¾įå¥ĳå£«,0
BuyableInstoreAndOnline,0
ĠTAMADRA,0
assetsadobe,0
Downloadha,0
ĠTheNitromeFan,0
DragonMagazine,0
Ġ<+,0
ĠsrfN,0
ĠlargeDownload,0
ĠOkawaru,0
ĠsrfAttach,0
EStreamFrame,0
ãĤ¼ãĤ¦ãĤ¹,0
ĠSolidGoldMagikarp,0
